<?xml version="1.0" encoding="UTF-8"?>
<project-private xmlns="http://www.netbeans.org/ns/project-private/1">
    <editor-bookmarks xmlns="http://www.netbeans.org/ns/editor-bookmarks/2" lastBookmarkId="0"/>
    <open-files xmlns="http://www.netbeans.org/ns/projectui-open-files/2">
        <group>
            <file>file:/C:/Users/User/Documents/NetBeansProjects/SistemAkademik/src/motherboard/model/MotherboardProperty.java</file>
            <file>file:/C:/Users/User/Documents/NetBeansProjects/SistemAkademik/src/motherboard2/FXMLDocumentController.java</file>
            <file>file:/C:/Users/User/Documents/NetBeansProjects/SistemAkademik/src/motherboard2/FXMLDataViewController.java</file>
            <file>file:/C:/Users/User/Documents/NetBeansProjects/SistemAkademik/src/motherboard2/Main.java</file>
            <file>file:/C:/Users/User/Documents/NetBeansProjects/SistemAkademik/src/motherboard/db/DBHandler.java</file>
            <file>file:/C:/Users/User/Documents/NetBeansProjects/SistemAkademik/src/motherboard/db/DBHelper.java</file>
            <file>file:/C:/Users/User/Documents/NetBeansProjects/SistemAkademik/src/motherboard/model/Motherboard.java</file>
            <file>file:/C:/Users/User/Documents/NetBeansProjects/SistemAkademik/src/motherboard2/FXMLDataView.fxml</file>
        </group>
    </open-files>
</project-private>
